x,y
2.600000135528597,-2.200000127885121
0.4000001355285967,-2.200000127885121
-1.0999998644714033,-2.200000127885121
-2.5999998644714033,-2.200000127885121
-2.599999864488752,-1.800000127885121
-1.099999864488752,-1.800000127885121
0.4000001355112479,-1.800000127885121
2.600000135511248,-1.800000127885121
2.600000135493899,-1.400000127885121
0.4000001354938987,-1.400000127885121
-1.0999998645061013,-1.400000127885121
-2.5999998645061013,-1.400000127885121
-2.5999998645234506,-1.0000001278851212
-1.0999998645234506,-1.0000001278851212
0.40000013547654945,-1.0000001278851212
2.6000001354765496,-1.0000001278851212
2.6000001354592004,-0.6000001278851211
0.4000001354592002,-0.6000001278851211
-1.0999998645407998,-0.6000001278851211
-2.5999998645408,-0.6000001278851211
-2.599999864558149,-0.20000012788512112
-1.099999864558149,-0.20000012788512112
0.400000135441851,-0.20000012788512112
2.600000135441851,-0.20000012788512112
2.6000001354245024,0.1999998721148789
0.4000001354245022,0.1999998721148789
-1.0999998645754978,0.1999998721148789
-2.599999864575498,0.1999998721148789
-2.599999864592847,0.5999998721148789
-1.099999864592847,0.5999998721148789
0.40000013540715296,0.5999998721148789
2.600000135407153,0.5999998721148789
2.600000135389804,0.999999872114879
0.4000001353898037,0.999999872114879
-1.0999998646101963,0.999999872114879
-2.5999998646101963,0.999999872114879
-2.5999998646275455,1.399999872114879
-1.0999998646275455,1.399999872114879
0.4000001353724545,1.399999872114879
2.6000001353724547,1.399999872114879
2.6000001353551054,1.799999872114879
0.40000013535510526,1.799999872114879
-1.0999998646448947,1.799999872114879
-2.5999998646448947,1.799999872114879
-2.5999998646622435,2.199999872114879
-1.0999998646622435,2.199999872114879
0.40000013533775647,2.199999872114879
2.6000001353377566,2.199999872114879
2.6000001353204074,2.599999872114879
0.40000013532040724,2.599999872114879
-1.0999998646795928,2.599999872114879
-2.5999998646795928,2.599999872114879
